first_name,last_name,plus_one,address_line_1,address_line_2,city,county,country,postcode,email,telephone
Simon,Baines,False,1 The street,anytown,city-scape,Durham,UK,DH4 4XX,sam@gmail.com,1234567891
Stephanie,Baines,False,1 The street,anytown,city-scape,Durham,UK,DH4 4XX,,1234567892
Daisy,Baines,False,1 The street,anytown,city-scape,Durham,UK,DH4 4XX,,
Siobhan,Baines,True,10 Street Avenue,Toytown,BigCity,West Yorkshire,UK,LS19 7YT,baines.smb@gmail.com,1234567894
Benjamin,Baines,True,Another Street,Another Town,Another City,West Yorkshire,UK,LS6 3JL,ben@gmail.com,1234567895
Terence,Baines,False,Another Street,Another Town,Another City,West Yorkshire,UK,LS20 8JZ,terry@gmail.com,1234567896
Olive,Baines,False,Another Street,Another Town,Another City,West Yorkshire,UK,LS20 8JZ,,1234567897
Fiona,Baines,False,Another Street,Another Town,Another City,Durham,UK,DL4 1DA,fizz@gmail.com,1234567898
James,O'Sullivan,False,Another Street,Another Town,Another City,Durham,UK,DL4 1DA,,
Ciara,Baines,False,Street,District,Tartu,Tartu,EE,50408,ciara@gmail.com,1234567900
Samuel,Arundel,False,Street,District,Tartu,Tartu,EE,50408,,1234567901
